id;date;details;status;payment_method;payment_date;payment_amount;code;order_id
1;2019-11-22T02:04:40;circuit navigate;PAID;CASH_ON_DELIVERY;2019-11-22T01:24:25;25046;Wisconsin;1
2;2019-11-21T08:16:43;Cambridgeshire Investor;ISSUED;CREDIT_CARD;2019-11-21T18:02:38;2431;deposit Chips Applications;2
3;2019-11-21T08:52:40;Human;PAID;PAYPAL;2019-11-21T11:17:59;7534;functionalities;3
4;2019-11-22T03:11:24;eco-centric Bedfordshire mesh;ISSUED;CASH_ON_DELIVERY;2019-11-21T15:39:52;99005;Concrete Bedfordshire;4
5;2019-11-21T10:42:54;program;PAID;CREDIT_CARD;2019-11-21T19:29:59;518;Auto Loan Account olive;5
6;2019-11-22T06:04:09;extend Unbranded Fresh Pants Tools;PAID;CASH_ON_DELIVERY;2019-11-21T08:12:29;28654;Utah Computers Small Fresh Gloves;6
7;2019-11-21T23:07:38;Plastic South Georgia and the South Sandwich Islands;CANCELLED;CASH_ON_DELIVERY;2019-11-21T18:47:48;69951;Metal Frozen;7
8;2019-11-21T08:30:12;card Licensed Cotton Ball;PAID;PAYPAL;2019-11-21T21:29:33;69597;paradigms Salad Table;8
9;2019-11-22T01:45:58;Benin;ISSUED;CREDIT_CARD;2019-11-22T01:49:35;56603;Cheese Steel;9
10;2019-11-21T23:34:01;Small;CANCELLED;CREDIT_CARD;2019-11-21T13:27:05;49161;Hollow Shoes systems;10
